DACO ABRICOT SS SUCRE AJ 150G;158
LAY'S CHIPS CUITE FOUR NATURE;119
AUCHAN SACS POUBELLE 100L X10;139
AUCHAN EPONGES GRATTANTES;147
TIPIAK BOULGOUR 500G;118
AUCHAN PAPIER CUISSON;16
AUCHAN ALLUM BACON FUMES 2X75G;54
AUCHAN CHEDDAR RAPE 150G;167
AUCHAN BIFIDUS 4 SAVEURS X12;67
AUCHAN FROM FRAIS 20% X8;23
AUCHAN SKYR MYRTILLE 450G;101
AUCHAN P TIT SAUCISSON 200G;194
AUCHAN 12 P'TITS CARRES 240G;170
ETORKI PORTION CAVE 180G;66
AUCHAN MINI BAT SSON SEC 100G;174
BOURSIN FIGUES NOIX 150G;67
BARILLA INTEGRALI PENNETTE RIG;171
AUCHAN BIO RATATOUILLE NICOISE;104
BARILLA SAUCE PESTO ROSSO 200G;168
TUC SALE 3X100G;98
AUCHAN RIZ THAI 1KG;188
AUCHAN HARICOTS ROUGES 500 G;181
AUCHAN COUSCOUS MOYEN 1KG;128
POUCE VINAIGRE ALCOOL BLANC 1L;166
MAGGI COEUR DE BOUILLON;100
AUCHAN SPECIALITE SSA POMME;81
AUCHAN ANANAS EN TRANCHES 3/4;169
BIO TASTE OF NATURE CALIFORNIA;149
BIO TASTE OF NATURE BRAZILIAN;9
AUCHAN ESS PATE FEUILLETEE230G;88
AUCHAN COMPOTE ALLEGEE POMME;57
PDL LIT MANGUE PASSION X4;197
BARILLA INTEGRALI BLE COMPLET;199
AUCHAN EPONGES NON RAYANTES;34
BIO ALPINA SAVOIE COUSCOUS;77
AUCHAN FROM FRAIS NAT 3.6% X12;39
VOLVIC JUICY AGRUMES PET 1.5L;161
PRESIDENT BEUR MOTTE SDM 250G;199
PETIT MARSEILLAIS SAVON LIQUI;12
L OREAL ELSEVE SHAMPOOING;82
L OREAL ELSEVE HUILE EXTRAORDI;143
AUCHAN BACON FUME 10T 120G;25
MMM BLEU AUVERGNE 125G;78
AUCHAN FROM FRAIS NATURE 300G;115
DANIO 0% PASSION 150G;24
AUCHAN BEURRE PLQ DS 60% 250G;180
AUCHAN DES APERO SALAD AFH120G;137
SVELT FERM FOND PANACH 12X125G;37
AUCHAN EMMENTAL RAPE 3X70G;177
AUCHAN GOU MOZZA BUFALA 120G;14
FLEURY ALLUMETTE JB 2X75G;18
SAUPIQUET FILETS MAQUER. H. PR;86
SAUPIQUET FILETS MAQX NATURES;140
LUSTUCRU RIZ DOREE 400G;163
BENENUTS AMANDES GRILLEES SEC;133
DUCROS PAPRIKA DOUX MOULU 40G;74
AUCHAN YAOURT GRECQUE 4X125G;190
AUCHAN RIZ ARBORIO POUR RISOTT;183
SUZIWAN SAUCE SOJA ALLEGEE SEL;176
MMM SEL DE GUERANDE BOITE;6
AUCHAN DOUBLE CONC TOMATES;61
AUCHAN THON ALBACORE NATUREL;127
SUZIWAN VERMICELLES RIZ MIE;131
;
;
;
;
;
;
